gbifid,datasetkey,occurrenceid,kingdom,phylum,class,order,family,genus,species,infraspecificepithet,taxonrank,scientificname,verbatimscientificname,verbatimscientificnameauthorship,countrycode,locality,stateprovince,occurrencestatus,individualcount,publishingorgkey,decimallatitude,decimallongitude,coordinateuncertaintyinmeters,coordinateprecision,elevation,elevationaccuracy,depth,depthaccuracy,eventdate,day,month,year,taxonkey,specieskey,basisofrecord,institutioncode,collectioncode,catalognumber,recordnumber,identifiedby,dateidentified,license,rightsholder,recordedby,typestatus,establishmentmeans,lastinterpreted,mediatype,issue
4404981851,b8811bf9-abcf-4600-9245-eda1017c3978,5e65d596-8d4f-47a9-9fc5-b5427a746d90,Plantae,Tracheophyta,Magnoliopsida,Brassicales,Cleomaceae,Cleomella,Cleomella arborea,NA,SPECIES,Peritoma arborea (Nutt. ex Torr. & A.Gray) Iltis,Peritoma arborea,(Nutt.) Iltis,US,"Along State Highway 247, 26 miles northwest of Yucca Valley or 17 miles east of Lucerne Valley",California,PRESENT,NA,470365d0-812d-11de-86fe-b8a03c50a862,34.37583,-116.6603,NA,NA,922,NA,NA,NA,2002-03-25T00:00:00Z,25,3,2002,6370695,7893492,PRESERVED_SPECIMEN,RENO,V,35688,6133,unknown,NA,CC_BY_4_0,,R.R. Halse,NA,,2023-09-18T14:39:57Z,,GEODETIC_DATUM_ASSUMED_WGS84;CONTINENT_DERIVED_FROM_COORDINATES;TAXON_MATCH_TAXON_ID_IGNORED;INSTITUTION_MATCH_FUZZY;INSTITUTION_COLLECTION_MISMATCH
4131084345,e5d9d04e-ffd1-4395-9b10-76034f0c619c,db469608-81f1-4b75-9a20-0260e75b7b26,Plantae,Tracheophyta,Magnoliopsida,Brassicales,Cleomaceae,Cleomella,Cleomella arborea,NA,SPECIES,Peritoma arborea (Nutt. ex Torr. & A.Gray) Iltis,Peritoma arborea,(Nutt.) Iltis,US,Abt. 2.5 miles east of Essex along pipeline road,California,PRESENT,NA,218f5cbc-bc3e-4a8e-84ee-9281a54cd9e3,34.70366,-115.2148,NA,NA,625,NA,NA,NA,2023-02-20T00:00:00Z,20,2,2023,6370695,7893492,PRESERVED_SPECIMEN,ASC,,ASC00127644,6375,,NA,CC_BY_4_0,Deaver Herbarium,G. Goodwin,NA,,2023-09-08T23:55:40Z,,GEODETIC_DATUM_ASSUMED_WGS84;CONTINENT_DERIVED_FROM_COORDINATES;COLLECTION_MATCH_NONE;INSTITUTION_MATCH_FUZZY
4131082352,e5d9d04e-ffd1-4395-9b10-76034f0c619c,937c75a5-b9bc-4bdb-906e-6a88f91ab912,Plantae,Tracheophyta,Magnoliopsida,Brassicales,Cleomaceae,Cleomella,Cleomella arborea,NA,SPECIES,Peritoma arborea (Nutt. ex Torr. & A.Gray) Iltis,Peritoma arborea,(Nutt.) Iltis,US,Abt. 15 miles south of Cadiz railroad crossing along Cadiz Road and 1.5 miles north of Chubbuck,California,PRESENT,NA,218f5cbc-bc3e-4a8e-84ee-9281a54cd9e3,34.37919,-115.30521,NA,NA,274,NA,NA,NA,2023-02-20T00:00:00Z,20,2,2023,6370695,7893492,PRESERVED_SPECIMEN,ASC,,ASC00127645,6376,,NA,CC_BY_4_0,Deaver Herbarium,G. Goodwin,NA,,2023-09-08T23:55:41Z,,GEODETIC_DATUM_ASSUMED_WGS84;CONTINENT_DERIVED_FROM_COORDINATES;COLLECTION_MATCH_NONE;INSTITUTION_MATCH_FUZZY
4104087409,ed3d96f2-db7b-48cd-9960-f871e7df7286,9a1ba077-ca7b-4a19-9fd3-b36ba012c828,Plantae,Tracheophyta,Magnoliopsida,Brassicales,Cleomaceae,Cleomella,Cleomella arborea,NA,SPECIES,Peritoma arborea (Nutt. ex Torr. & A.Gray) Iltis,Peritoma arborea,(Nutt.) Iltis,US,Highway 33.,California,PRESENT,NA,48558fd5-e402-4362-ba91-7c742c96a26c,34.62991,-119.37119,NA,NA,1355,NA,NA,NA,2022-04-29T00:00:00Z,29,4,2022,6370695,7893492,PRESERVED_SPECIMEN,SBBG,,,4509,,NA,CC_BY_NC_4_0,,Kristen Hasenstab-Lehman; C. Matt Guilliams,NA,,2023-09-08T21:28:38Z,,GEODETIC_DATUM_ASSUMED_WGS84;CONTINENT_DERIVED_FROM_COORDINATES;INSTITUTION_MATCH_FUZZY
4068943594,dfe29309-9f9f-493b-95e7-68f4563a3cdb,bf97b779-de1d-4410-9d44-90a52eccd872,Plantae,Tracheophyta,Magnoliopsida,Brassicales,Cleomaceae,Cleomella,Cleomella arborea,NA,SPECIES,Peritoma arborea (Nutt. ex Torr. & A.Gray) Iltis,Peritoma arborea,(Nutt.) Iltis,US,"Highway 168 to Joshua Tree National Park, ca. 1 mile from I-10.",California,PRESENT,NA,6567af74-d231-4588-a123-5d0b7a095fda,33.668611,-115.801917,NA,NA,515,NA,NA,NA,2010-04-01T00:00:00Z,1,4,2010,6370695,7893492,PRESERVED_SPECIMEN,SRP,Vascular,34974,11652,C. Davidson,NA,CC0_1_0,"Boise State University, Snake River Plains Herbarium",C. Davidson,NA,,2023-09-19T11:31:06Z,,GEODETIC_DATUM_ASSUMED_WGS84;CONTINENT_DERIVED_FROM_COORDINATES;INSTITUTION_MATCH_FUZZY;INSTITUTION_COLLECTION_MISMATCH
4068898829,dfe29309-9f9f-493b-95e7-68f4563a3cdb,58d0a071-358b-4911-a277-a2b47b9dca59,Plantae,Tracheophyta,Magnoliopsida,Brassicales,Cleomaceae,Cleomella,Cleomella arborea,NA,SPECIES,Peritoma arborea (Nutt. ex Torr. & A.Gray) Iltis,Peritoma arborea,(Nutt.) Iltis,US,Joshua Tree National Park. Black Eagle Rd. ca.  mile from junction with main park road.,California,PRESENT,NA,6567af74-d231-4588-a123-5d0b7a095fda,33.836028,-115.744389,NA,NA,736,NA,NA,NA,2010-04-01T00:00:00Z,1,4,2010,6370695,7893492,PRESERVED_SPECIMEN,SRP,Vascular,34975,11675,C. Davidson,NA,CC0_1_0,"Boise State University, Snake River Plains Herbarium",C. Davidson,NA,,2023-09-19T11:30:49Z,,GEODETIC_DATUM_ASSUMED_WGS84;CONTINENT_DERIVED_FROM_COORDINATES;INSTITUTION_MATCH_FUZZY;INSTITUTION_COLLECTION_MISMATCH
4010574303,b2d55172-8980-4195-9632-a186edb27d5a,5258c879-fdc2-41d7-96a9-bbf1fa1fa686,Plantae,Tracheophyta,Magnoliopsida,Brassicales,Cleomaceae,Cleomella,Cleomella arborea,NA,SPECIES,Peritoma arborea (Nutt. ex Torr. & A.Gray) Iltis,Peritoma arborea,(Nutt.) Iltis,US,"Willow Springs park, 30 ft ahead of trail",California,PRESENT,NA,a26fb77a-67a4-4a15-b2c3-0c7b87ddb8e6,33.8075,-118.1772,NA,NA,25,NA,NA,NA,2019-04-24T00:00:00Z,24,4,2019,6370695,7893492,PRESERVED_SPECIMEN,LOB,,LOB102279,35,,NA,CC_BY_NC_4_0,,Jaanntrear Lot; Sylvia Thong,NA,,2023-09-07T10:02:04Z,,CONTINENT_DERIVED_FROM_COORDINATES;INSTITUTION_MATCH_FUZZY
3921044309,b2d55172-8980-4195-9632-a186edb27d5a,529da0e4-aafa-46f7-a6c9-be254bb94bd9,Plantae,Tracheophyta,Magnoliopsida,Brassicales,Cleomaceae,Cleomella,Cleomella arborea,NA,SPECIES,Peritoma arborea (Nutt. ex Torr. & A.Gray) Iltis,Peritoma arborea,(Nutt.) Iltis,US,"Whittier Narrows Nature Center, San Gabriel River Trail",California,PRESENT,NA,a26fb77a-67a4-4a15-b2c3-0c7b87ddb8e6,34.035332,-118.04485,NA,NA,25,NA,NA,NA,2019-03-03T00:00:00Z,3,3,2019,6370695,7893492,PRESERVED_SPECIMEN,LOB,,LOB107974,15,,NA,CC_BY_NC_4_0,,J. E. Roman,NA,,2023-09-07T10:02:04Z,,CONTINENT_DERIVED_FROM_COORDINATES;INSTITUTION_MATCH_FUZZY
3872259306,ed3d96f2-db7b-48cd-9960-f871e7df7286,b78351a9-e74b-4daa-907b-1477f24ba581,Plantae,Tracheophyta,Magnoliopsida,Brassicales,Cleomaceae,Cleomella,Cleomella arborea,NA,SPECIES,Peritoma arborea (Nutt. ex Torr. & A.Gray) Iltis,Peritoma arborea,(Nutt.) Iltis,US,Point Mugu.,California,PRESENT,NA,48558fd5-e402-4362-ba91-7c742c96a26c,34.10132,-119.08132,NA,NA,NA,NA,NA,NA,2022-04-24T00:00:00Z,24,4,2022,6370695,7893492,PRESERVED_SPECIMEN,SBBG,,,4200,,NA,CC_BY_NC_4_0,,"Kristen Hasenstab-Lehman; C. Matt Guilliams, Daniel Cisneros, Annie Ayers, Caitlin Hazelquist",NA,,2023-09-08T21:28:30Z,,GEODETIC_DATUM_ASSUMED_WGS84;CONTINENT_DERIVED_FROM_COORDINATES;INSTITUTION_MATCH_FUZZY
3821836302,e05fd4c2-4d77-4c50-880e-1b22096af300,088744ca-ce30-46a2-ac05-7de88b065d2b,Plantae,Tracheophyta,Magnoliopsida,Brassicales,Cleomaceae,Cleomella,Cleomella arborea,NA,SPECIES,Peritoma arborea (Nutt. ex Torr. & A.Gray) Iltis,Peritoma arborea,(Nutt.) Iltis,US,lower Bonanza Spring; Southeast slope of the Clipper Mountains,California,PRESENT,NA,814cdfb5-d4f8-4453-815f-ea5df98e76bf,34.685856,-115.405534,NA,NA,640,NA,NA,NA,2022-04-18T00:00:00Z,18,4,2022,6370695,7893492,PRESERVED_SPECIMEN,ASU,Plants,ASU0313763,7189,,NA,CC_BY_4_0,,"Liz Makings; Andrew Johnston, Rosie Liao, Laura Steger, Rick Overson",NA,,2023-09-09T00:07:56Z,StillImage,GEODETIC_DATUM_ASSUMED_WGS84;CONTINENT_DERIVED_FROM_COORDINATES;INSTITUTION_MATCH_FUZZY;INSTITUTION_COLLECTION_MISMATCH
3467259310,821cc27a-e3bb-4bc5-ac34-89ada245069d,http://n2t.net/ark:/65665/3e1f92789-fe80-4c2a-b693-33079d712ef4,Plantae,Tracheophyta,Magnoliopsida,Brassicales,Cleomaceae,Cleomella,Cleomella arborea,NA,SPECIES,Peritoma arborea (Nutt. ex Torr. & A.Gray) Iltis,Peritoma arborea,(Nutt.) Iltis,US,"Mojave Desert, East Region: Camp Rock Rd at fenced off area W of power line jct.",California,PRESENT,1,bc092ff0-02e4-11dc-991f-b8a03c50a862,34.5617,-116.78,NA,NA,991,NA,NA,NA,2013-06-12T00:00:00Z,12,6,2013,6370695,7893492,PRESERVED_SPECIMEN,US,US,US 3748459,83,,NA,CC0_1_0,,A. Garbat & K. Forgrave,NA,,2023-09-07T08:57:41Z,StillImage,GEODETIC_DATUM_ASSUMED_WGS84;OCCURRENCE_STATUS_INFERRED_FROM_INDIVIDUAL_COUNT
3406855596,4c122e6f-b2a4-4f91-aff5-449e9afb57b3,6d5386e7-56e9-4f7f-9b64-cec957176a95,Plantae,Tracheophyta,Magnoliopsida,Brassicales,Cleomaceae,Cleomella,Cleomella arborea,NA,SPECIES,Peritoma arborea (Nutt. ex Torr. & A.Gray) Iltis,Peritoma arborea,(Nutt.) Iltis,US,"Mojave Desert; West Mojave Desert region: E of Bighorn Mtn Wilderness. S of Ruby Mtn. From Yucca Valley, travel 11.3 miles N on CA-247. Turn left (W) on New Dixie Mine Rd. Continue for 1 mile onto BLM Rd 2330 to collection site",California,PRESENT,NA,8d94469a-1582-4098-bf02-aa11d30608a3,34.274722,-116.468611,NA,NA,1139,NA,NA,NA,2013-12-04T00:00:00Z,4,12,2013,6370695,7893492,PRESERVED_SPECIMEN,LA,,,131,,NA,CC_BY_NC_4_0,,Deidre Conocchioli; Sarah J. De Groot,NA,,2023-09-15T21:44:29Z,,COORDINATE_ROUNDED;CONTINENT_DERIVED_FROM_COORDINATES;INSTITUTION_MATCH_FUZZY
3406832280,4c122e6f-b2a4-4f91-aff5-449e9afb57b3,898d7a57-e294-46a9-a5c4-aac524d69150,Plantae,Tracheophyta,Magnoliopsida,Brassicales,Cleomaceae,Cleomella,Cleomella arborea,NA,SPECIES,Peritoma arborea (Nutt. ex Torr. & A.Gray) Iltis,Peritoma arborea,(Nutt.) Iltis,US,"Santa Monica Mountains; Mountclef Ridge; Wildwood Regional Park, Thousand Oaks; Santa Rosa Trail",California,PRESENT,NA,8d94469a-1582-4098-bf02-aa11d30608a3,34.220924,-118.906984,NA,NA,NA,NA,NA,NA,2001-04-20T00:00:00Z,20,4,2001,6370695,7893492,PRESERVED_SPECIMEN,LA,,,4311,,NA,CC_BY_NC_4_0,,Arthur C. Gibson,NA,,2023-09-15T21:44:22Z,,COORDINATE_REPROJECTED;CONTINENT_DERIVED_FROM_COORDINATES;INSTITUTION_MATCH_FUZZY
3391951330,821cc27a-e3bb-4bc5-ac34-89ada245069d,http://n2t.net/ark:/65665/3c25e53f8-e50a-48f4-975c-abd1a8161248,Plantae,Tracheophyta,Magnoliopsida,Brassicales,Cleomaceae,Cleomella,Cleomella arborea,NA,SPECIES,Peritoma arborea (Nutt. ex Torr. & A.Gray) Iltis,Peritoma arborea,(Nutt.) Iltis,US,"Mojave Desert, west region, E of Bighorn Mtn Wilderness. S of Ruby Mtn",California,PRESENT,1,bc092ff0-02e4-11dc-991f-b8a03c50a862,34.2747,-116.494,NA,NA,1263,NA,NA,NA,2013-12-04T00:00:00Z,4,12,2013,6370695,7893492,PRESERVED_SPECIMEN,US,US,US 3739975,131,,NA,CC0_1_0,,D. Conocchioli & S. DeGroot,NA,,2023-09-07T08:57:39Z,StillImage,GEODETIC_DATUM_ASSUMED_WGS84;OCCURRENCE_STATUS_INFERRED_FROM_INDIVIDUAL_COUNT
3125188855,9b7d1acf-b22f-4a1f-b6e8-f1ddd744dc07,E077C4DA-4B15-4DC3-8C57-F8324EDF9E5F,Plantae,Tracheophyta,Magnoliopsida,Brassicales,Cleomaceae,Cleomella,Cleomella arborea,NA,SPECIES,Peritoma arborea (Nutt. ex Torr. & A.Gray) Iltis,Peritoma arborea,(Nutt.) Iltis,US,"Anza-Borrego Desert State Park: San Felipe Valley; Sentenac Cienega/Canyon area, southest of Scissors Crossing at junction of S-2 and Hwy. 78",California,PRESENT,NA,8a471700-4ce8-11db-b80e-b8a03c50a862,33.1,-116.45,NA,NA,680,NA,NA,NA,2002-04-06T00:00:00Z,6,4,2002,6370695,7893492,PRESERVED_SPECIMEN,SD,,,7811,"Jon P. Rebman, 2011",NA,CC_BY_NC_4_0,,Jon P. Rebman; L. Hendrickson and a SDNHM class,NA,,2023-09-09T00:10:26Z,,CONTINENT_DERIVED_FROM_COORDINATES;COLLECTION_MATCH_NONE;INSTITUTION_MATCH_FUZZY
3125186828,9b7d1acf-b22f-4a1f-b6e8-f1ddd744dc07,9C208B7F-D055-4D3E-9A44-CAA7C987B9A3,Plantae,Tracheophyta,Magnoliopsida,Brassicales,Cleomaceae,Cleomella,Cleomella arborea,NA,SPECIES,Peritoma arborea (Nutt. ex Torr. & A.Gray) Iltis,Peritoma arborea,(Nutt.) Iltis,US,"Anza-Borrego Desert State Park, Coyote Canyon, Lower Willows, about 7 mi NW of town of Borrego Springs, near the hiking/riding trail above the 3rd crossing.",California,PRESENT,NA,8a471700-4ce8-11db-b80e-b8a03c50a862,33.3761,-116.4424,NA,NA,393,NA,NA,NA,2006-03-25T00:00:00Z,25,3,2006,6370695,7893492,PRESERVED_SPECIMEN,SD,,,304,"Jon P. Rebman, 2011",NA,CC_BY_NC_4_0,,Melvin M. Sweet,NA,,2023-09-09T00:10:26Z,,CONTINENT_DERIVED_FROM_COORDINATES;COLLECTION_MATCH_NONE;INSTITUTION_MATCH_FUZZY
3125184836,9b7d1acf-b22f-4a1f-b6e8-f1ddd744dc07,DC649B70-51B9-4DAD-9548-635F0474AD8B,Plantae,Tracheophyta,Magnoliopsida,Brassicales,Cleomaceae,Cleomella,Cleomella arborea,NA,SPECIES,Peritoma arborea (Nutt. ex Torr. & A.Gray) Iltis,Peritoma arborea,(Nutt.) Iltis,US,Along Christianitos Road at El Camino Real.,California,PRESENT,NA,8a471700-4ce8-11db-b80e-b8a03c50a862,33.39583,-117.59194,80,NA,34,NA,NA,NA,2006-12-09T00:00:00Z,9,12,2006,6370695,7893492,PRESERVED_SPECIMEN,SD,,,06-573,"Jon P. Rebman, 2011",NA,CC_BY_NC_4_0,,D. G. Kelch,NA,,2023-09-09T00:10:26Z,,CONTINENT_DERIVED_FROM_COORDINATES;COLLECTION_MATCH_NONE;INSTITUTION_MATCH_FUZZY
3125182820,9b7d1acf-b22f-4a1f-b6e8-f1ddd744dc07,661A66BF-05EE-438D-97C2-87724304EB50,Plantae,Tracheophyta,Magnoliopsida,Brassicales,Cleomaceae,Cleomella,Cleomella arborea,NA,SPECIES,Peritoma arborea (Nutt. ex Torr. & A.Gray) Iltis,Peritoma arborea,(Nutt.) Iltis,US,"South Carlsbad State Beach, 0.26 mi SW of intersect of Poinsettia Lane and Carlsbad Blvd, near bottom of stairs from campsite # 205",California,PRESENT,NA,8a471700-4ce8-11db-b80e-b8a03c50a862,33.09813,-117.31771,NA,NA,NA,NA,NA,NA,2007-02-23T00:00:00Z,23,2,2007,6370695,7893492,PRESERVED_SPECIMEN,SD,,,22,"Jon P. Rebman, 2011",NA,CC_BY_NC_4_0,,Warren Schmidtmann; Ronald Pio,NA,,2023-09-09T00:10:26Z,,CONTINENT_DERIVED_FROM_COORDINATES;COLLECTION_MATCH_NONE;INSTITUTION_MATCH_FUZZY
3125139802,9b7d1acf-b22f-4a1f-b6e8-f1ddd744dc07,2D95FFCB-B741-41AE-8064-A6DB956B9306,Plantae,Tracheophyta,Magnoliopsida,Brassicales,Cleomaceae,Cleomella,Cleomella arborea,NA,SPECIES,Peritoma arborea (Nutt. ex Torr. & A.Gray) Iltis,Peritoma arborea,(Nutt.) Iltis,US,"Lakeside; Lakeside River Park Conservancy, 0.59 km northwest of the intersection of Highway 67 and Winter Gardens Boulevard, 1.17 km SW along the River Park Trail from junction at Channel Road, at the side trail leading to a lower viewing area.",California,PRESENT,NA,8a471700-4ce8-11db-b80e-b8a03c50a862,32.86,-116.93806,NA,NA,118,NA,NA,NA,2017-09-13T00:00:00Z,13,9,2017,6370695,7893492,PRESERVED_SPECIMEN,SD,,SD00034519,206,Jon P. Rebman,NA,CC_BY_NC_4_0,,Anna Arft,NA,,2023-09-09T00:10:24Z,StillImage,CONTINENT_DERIVED_FROM_COORDINATES;COLLECTION_MATCH_NONE;INSTITUTION_MATCH_FUZZY
3125056841,9b7d1acf-b22f-4a1f-b6e8-f1ddd744dc07,4F0EF9BB-5BFE-4243-BD1F-DF3F5910CFC8,Plantae,Tracheophyta,Magnoliopsida,Brassicales,Cleomaceae,Cleomella,Cleomella arborea,NA,SPECIES,Peritoma arborea (Nutt. ex Torr. & A.Gray) Iltis,Peritoma arborea,(Nutt.) Iltis,US,"Border Field Bluffs, 0.6 mi SW of intersection of Monument Rd and 19th St, 0.4 mi N of US/Mexico border fence, NE of Goat Canyon.",California,PRESENT,NA,8a471700-4ce8-11db-b80e-b8a03c50a862,32.5423,-117.1032,NA,NA,57,NA,NA,NA,2004-12-17T00:00:00Z,17,12,2004,6370695,7893492,PRESERVED_SPECIMEN,SD,,,13,"Jon P. Rebman, 2011",NA,CC_BY_NC_4_0,,Phillip Roullard,NA,,2023-09-09T00:10:20Z,,CONTINENT_DERIVED_FROM_COORDINATES;COLLECTION_MATCH_NONE;INSTITUTION_MATCH_FUZZY
3125055811,9b7d1acf-b22f-4a1f-b6e8-f1ddd744dc07,B4751AE2-F47A-48AB-AB2A-6FB60DE9D98D,Plantae,Tracheophyta,Magnoliopsida,Brassicales,Cleomaceae,Cleomella,Cleomella arborea,NA,SPECIES,Peritoma arborea (Nutt. ex Torr. & A.Gray) Iltis,Peritoma arborea,(Nutt.) Iltis,US,Lake Hodges: south of Escondido; southeast of the intersection of Lake Drive and Beech Lane; along the north side of Lake just east of the boat ramp parking lot; disturbed area along trail and parking lot,California,PRESENT,NA,8a471700-4ce8-11db-b80e-b8a03c50a862,33.06712,-117.10267,NA,NA,105,NA,NA,NA,2013-03-26T00:00:00Z,26,3,2013,6370695,7893492,PRESERVED_SPECIMEN,SD,,,25591,Jon P. Rebman,NA,CC_BY_NC_4_0,,"Jon P. Rebman; W. Schmidtmann, J. Green, J. Berrian",NA,,2023-09-09T00:10:20Z,,CONTINENT_DERIVED_FROM_COORDINATES;COLLECTION_MATCH_NONE;INSTITUTION_MATCH_FUZZY
3125049813,9b7d1acf-b22f-4a1f-b6e8-f1ddd744dc07,C676FCD3-284E-4B45-829B-9A9ACD898AB6,Plantae,Tracheophyta,Magnoliopsida,Brassicales,Cleomaceae,Cleomella,Cleomella arborea,NA,SPECIES,Peritoma arborea (Nutt. ex Torr. & A.Gray) Iltis,Peritoma arborea,(Nutt.) Iltis,US,"Camp Pendleton Marine Corps Base, Santa Margarita River, on North River Road ca. 3 miles NNE of its intersection with Macs Road (accessed by Stuart Mesa).",California,PRESENT,NA,8a471700-4ce8-11db-b80e-b8a03c50a862,33.27153,-117.38168,NA,NA,9,NA,NA,NA,2007-04-09T00:00:00Z,9,4,2007,6370695,7893492,PRESERVED_SPECIMEN,SD,,,1856,"Jon P. Rebman, 2011",NA,CC_BY_NC_4_0,,"Margaret R. Mulligan; J. Gregory, S. Leininger",NA,,2023-09-09T00:10:20Z,,CONTINENT_DERIVED_FROM_COORDINATES;COLLECTION_MATCH_NONE;INSTITUTION_MATCH_FUZZY
3053437233,ed3d96f2-db7b-48cd-9960-f871e7df7286,751a4c4c-68b3-4e7e-852c-a8753d62f233,Plantae,Tracheophyta,Magnoliopsida,Brassicales,Cleomaceae,Cleomella,Cleomella arborea,NA,SPECIES,Peritoma arborea (Nutt. ex Torr. & A.Gray) Iltis,Peritoma arborea,(Nutt.) Iltis,US,[southeast end of] Black Mountain,California,PRESENT,NA,48558fd5-e402-4362-ba91-7c742c96a26c,35.0743,-117.1575,200,NA,710,NA,NA,NA,2017-04-08T00:00:00Z,8,4,2017,6370695,7893492,PRESERVED_SPECIMEN,SBBG,,137397,427,,NA,CC_BY_NC_4_0,,R. C. Benkendorf,NA,,2023-09-08T21:28:33Z,,CONTINENT_DERIVED_FROM_COORDINATES;INSTITUTION_MATCH_FUZZY
3053375702,ed3d96f2-db7b-48cd-9960-f871e7df7286,b1f93f6f-6947-4366-be3f-981da248bc89,Plantae,Tracheophyta,Magnoliopsida,Brassicales,Cleomaceae,Cleomella,Cleomella arborea,NA,SPECIES,Peritoma arborea (Nutt. ex Torr. & A.Gray) Iltis,Peritoma arborea,(Nutt.) Iltis,US,"Camp San Luis Obispo; bridge at jct of Amador and Colusa, across from Fire Training Center; Camp San Luis Obispo",California,PRESENT,NA,48558fd5-e402-4362-ba91-7c742c96a26c,35.3234182,-120.1336966,200,NA,90,NA,NA,NA,2002-01-15T00:00:00Z,15,1,2002,6370695,7893492,PRESERVED_SPECIMEN,SBBG,,117784,SLO205,D.H.Wilken 2004,NA,CC_BY_NC_4_0,,"M. Wetherwax, E. Painter",NA,,2023-09-08T21:28:25Z,,COORDINATE_REPROJECTED;CONTINENT_DERIVED_FROM_COORDINATES;INSTITUTION_MATCH_FUZZY
3015531303,af1b4db0-c8ce-4a95-b700-8a6a02bed9d6,750A8CE5-9FAA-4A7C-9A3D-7FE9E1990B82,Plantae,Tracheophyta,Magnoliopsida,Brassicales,Cleomaceae,Cleomella,Cleomella arborea,NA,SPECIES,Peritoma arborea (Nutt. ex Torr. & A.Gray) Iltis,Peritoma arborea,(Nutt.) Iltis,US,"Whitewater Canyon, E side of canyon, E of Whitewater Canyon Road, ca. 2 mi. N of I-10; Western Sonoran Desert transition.",California,PRESENT,NA,253fc67c-c7fb-4c85-88f5-43ac6d9dc8a9,33.9508,-116.639,NA,NA,NA,NA,NA,NA,2001-04-29T00:00:00Z,29,4,2001,6370695,7893492,PRESERVED_SPECIMEN,USF,Herb,234226,33544,B. F. Hansen,NA,CC_BY_4_0,,S. R. Hill,NA,,2023-09-07T10:48:15Z,StillImage,GEODETIC_DATUM_ASSUMED_WGS84;CONTINENT_DERIVED_FROM_COORDINATES;INSTITUTION_COLLECTION_MISMATCH
2982043493,6958627a-e1cd-489f-b4f3-6e7760203b9d,131f94ac-745a-4e82-8872-51248d841ca1,Plantae,Tracheophyta,Magnoliopsida,Brassicales,Cleomaceae,Cleomella,Cleomella arborea,NA,SPECIES,Peritoma arborea (Nutt. ex Torr. & A.Gray) Iltis,Peritoma arborea,(Nutt.) Iltis,US,"Mojave Desert: Twentynine Palms, ~3 mi. S of Hwy. 62 on Utah Trail, at intersection with Alta Loma Dr.",California,PRESENT,NA,c10e9f64-38b0-4cb9-98d3-92b82cb7256a,34.123436,-116.036583,NA,NA,622,NA,NA,NA,2010-05-23T00:00:00Z,23,5,2010,6370695,7893492,PRESERVED_SPECIMEN,HSC,,,22,Synonym of most recent determination,NA,CC_BY_NC_4_0,,Crystal Sheehan; Christopher Jordan,NA,,2023-09-08T21:25:34Z,,COORDINATE_ROUNDED;GEODETIC_DATUM_ASSUMED_WGS84;CONTINENT_DERIVED_FROM_COORDINATES;INSTITUTION_MATCH_FUZZY
2626944457,c267909d-184f-4138-9e67-a074d478d52b,b0592598-e297-48be-b49e-a2e8b3fa142d,Plantae,Tracheophyta,Magnoliopsida,Brassicales,Cleomaceae,Cleomella,Cleomella arborea,NA,SPECIES,Peritoma arborea (Nutt. ex Torr. & A.Gray) Iltis,Peritoma arborea,(Nutt.) Iltis,US,"Yolo Co: City of Davis. From intersection of Covell Blvd. and Monarch Lane, 150 m east to Wildhorse greenbelt, thence 150 m north.",California,PRESENT,NA,f0b6a090-a4c6-11d8-9534-b8a03c50a862,38.5655,-121.71326,92,NA,15,NA,NA,NA,2005-05-22T00:00:00Z,22,5,2005,6370695,7893492,PRESERVED_SPECIMEN,DAV,Herbarium,,782,"syn acc. Jepson II online, 2011",NA,CC_BY_NC_4_0,,Jean Shepard,NA,,2023-09-08T21:37:04Z,,CONTINENT_DERIVED_FROM_COORDINATES;INSTITUTION_MATCH_FUZZY;COLLECTION_MATCH_FUZZY
2610096210,9781ce05-2379-4a10-ab3b-c91346510df8,e7c72f32-df2d-41e0-b25a-20e037114fe9,Plantae,Tracheophyta,Magnoliopsida,Brassicales,Cleomaceae,Cleomella,Cleomella arborea,NA,SPECIES,Peritoma arborea (Nutt. ex Torr. & A.Gray) Iltis,Peritoma arborea,(Nutt.) Iltis,US,"Bouquet Canyon, Angeles National Forest, Road 5N24.",California,PRESENT,NA,55807027-6d78-46bd-b2cb-301295ee35aa,34.49942,-118.47966,NA,NA,626,NA,NA,NA,2017-08-31T00:00:00Z,31,8,2017,6370695,7893492,PRESERVED_SPECIMEN,RSA,RSA,RSA0164308,001,Kristy Snyder,NA,CC_BY_NC_4_0,,Kristy Snyder; Eileen Berbeo,NA,Native,2023-09-08T22:02:22Z,StillImage,CONTINENT_DERIVED_FROM_COORDINATES;INSTITUTION_MATCH_FUZZY
2610096110,9781ce05-2379-4a10-ab3b-c91346510df8,a0708352-d475-48e3-8e36-1f2c49073af5,Plantae,Tracheophyta,Magnoliopsida,Brassicales,Cleomaceae,Cleomella,Cleomella arborea,NA,SPECIES,Peritoma arborea (Nutt. ex Torr. & A.Gray) Iltis,Peritoma arborea,(Nutt.) Iltis,US,Grapevine Canyon: Ferguson property above round pen.,California,PRESENT,NA,55807027-6d78-46bd-b2cb-301295ee35aa,35.7335,-117.916067,NA,NA,959,NA,NA,NA,2018-11-17T00:00:00Z,17,11,2018,6370695,7893492,PRESERVED_SPECIMEN,RSA,RSA,RSA0194416,272,,NA,CC_BY_NC_4_0,,Katherine S. Ferguson; William W. Ferguson,NA,,2023-09-08T22:02:22Z,StillImage,COORDINATE_ROUNDED;CONTINENT_DERIVED_FROM_COORDINATES;INSTITUTION_MATCH_FUZZY
2575161232,3dedd874-1c74-487c-9fb3-48dcaf922bab,68d2bda2-df70-4b94-a55e-bf50a8a4ae80,Plantae,Tracheophyta,Magnoliopsida,Brassicales,Cleomaceae,Cleomella,Cleomella arborea,NA,SPECIES,Peritoma arborea (Nutt. ex Torr. & A.Gray) Iltis,Peritoma arborea,(Nutt.) Iltis,US,"San Jacinto Mountains; Chino Canyon. Along abandoned road off north side of Tramway Road, 2 miles west of Highway 111.",California,PRESENT,NA,2ebbf9e5-146f-47cf-8c1b-9d117d2860e4,33.85,-116.58,NA,NA,425,NA,NA,NA,2001-03-10T00:00:00Z,10,3,2001,6370695,7893492,PRESERVED_SPECIMEN,SFV,,SFV105307,2,,NA,CC_BY_NC_4_0,,J. R. Pucci,NA,Uncertain,2023-09-08T21:26:51Z,StillImage,GEODETIC_DATUM_ASSUMED_WGS84;CONTINENT_DERIVED_FROM_COORDINATES;INSTITUTION_MATCH_FUZZY
2459732851,b2d55172-8980-4195-9632-a186edb27d5a,34a7f7d5-dba2-4b74-927e-4799b342fdea,Plantae,Tracheophyta,Magnoliopsida,Brassicales,Cleomaceae,Cleomella,Cleomella arborea,NA,SPECIES,Peritoma arborea (Nutt. ex Torr. & A.Gray) Iltis,Peritoma arborea,(Nutt.) Iltis,US,"Long Beach, Dominguez Gap Wetlands",California,PRESENT,NA,a26fb77a-67a4-4a15-b2c3-0c7b87ddb8e6,33.8366,-118.2028,NA,NA,11,NA,NA,NA,2018-03-25T00:00:00Z,25,3,2018,6370695,7893492,PRESERVED_SPECIMEN,LOB,,LOB107646,36,,NA,CC_BY_NC_4_0,,Kim Le,NA,,2023-09-07T10:02:04Z,StillImage,CONTINENT_DERIVED_FROM_COORDINATES;INSTITUTION_MATCH_FUZZY
2450409091,b2d55172-8980-4195-9632-a186edb27d5a,036294c1-bf86-4fd4-9815-1435a33db6fc,Plantae,Tracheophyta,Magnoliopsida,Brassicales,Cleomaceae,Cleomella,Cleomella arborea,NA,SPECIES,Peritoma arborea (Nutt. ex Torr. & A.Gray) Iltis,Peritoma arborea,(Nutt.) Iltis,US,"Los Cerritos Wetlands, adjacent to Zedler Marsh",California,PRESENT,NA,a26fb77a-67a4-4a15-b2c3-0c7b87ddb8e6,33.7608,-118.1077,NA,NA,2,NA,NA,NA,2018-02-05T00:00:00Z,5,2,2018,6370695,7893492,PRESERVED_SPECIMEN,LOB,,LOB107608,2,,NA,CC_BY_NC_4_0,,Hannah Garfin,NA,,2023-09-07T10:02:04Z,StillImage,CONTINENT_DERIVED_FROM_COORDINATES;INSTITUTION_MATCH_FUZZY
2430544602,9781ce05-2379-4a10-ab3b-c91346510df8,75db8e00-54b1-4e63-8106-8ed65a001953,Plantae,Tracheophyta,Magnoliopsida,Brassicales,Cleomaceae,Cleomella,Cleomella arborea,NA,SPECIES,Peritoma arborea (Nutt. ex Torr. & A.Gray) Iltis,Peritoma arborea,(Nutt.) Iltis,US,"San Joaquin Valley, Between the Temblor Range and the Antelope Hills, Twisselman Ranch, south of Highway 46 and west of Highway 33",California,PRESENT,NA,55807027-6d78-46bd-b2cb-301295ee35aa,35.56629,-119.878534,NA,NA,225,NA,NA,NA,2013-03-07T00:00:00Z,7,3,2013,6370695,7893492,PRESERVED_SPECIMEN,RSA,RSA,RSA0048091,189,,NA,CC_BY_NC_4_0,,Nick J. Jensen; Ed Kentner,NA,,2023-09-08T22:01:57Z,,COORDINATE_ROUNDED;CONTINENT_DERIVED_FROM_COORDINATES;INSTITUTION_MATCH_FUZZY
2430517060,9781ce05-2379-4a10-ab3b-c91346510df8,5fafb090-0ee2-4376-b81e-a12ebb3af012,Plantae,Tracheophyta,Magnoliopsida,Brassicales,Cleomaceae,Cleomella,Cleomella arborea,NA,SPECIES,Peritoma arborea (Nutt. ex Torr. & A.Gray) Iltis,Peritoma arborea,(Nutt.) Iltis,US,"South side of Joshua Tree National Park, Cottonwood Spring",California,PRESENT,NA,55807027-6d78-46bd-b2cb-301295ee35aa,33.737056,-115.809111,NA,NA,915,NA,NA,NA,2013-03-22T00:00:00Z,22,3,2013,6370695,7893492,PRESERVED_SPECIMEN,RSA,RSA,,6878,,NA,CC_BY_NC_4_0,,"Sarah J. De Groot; Jessica Chu, Loraine Washburn",NA,Native,2023-09-08T22:02:10Z,,COORDINATE_ROUNDED;CONTINENT_DERIVED_FROM_COORDINATES;INSTITUTION_MATCH_FUZZY
2430487420,9781ce05-2379-4a10-ab3b-c91346510df8,3efd7579-ce4e-4172-873b-37c920852899,Plantae,Tracheophyta,Magnoliopsida,Brassicales,Cleomaceae,Cleomella,Cleomella arborea,NA,SPECIES,Peritoma arborea (Nutt. ex Torr. & A.Gray) Iltis,Peritoma arborea,(Nutt.) Iltis,US,"BLMUn-named road approx. 2 miles off Road Runner Rut, near Black Lava Buttes. North of Pioneertown.",California,PRESENT,NA,55807027-6d78-46bd-b2cb-301295ee35aa,34.238528,-116.501444,NA,NA,NA,NA,NA,NA,2013-05-09T00:00:00Z,9,5,2013,6370695,7893492,PRESERVED_SPECIMEN,RSA,RSA,RSA0031473,67,,NA,CC_BY_NC_4_0,,April Garbat; Kristin Forgrave,NA,Native,2023-09-08T22:01:55Z,,COORDINATE_ROUNDED;CONTINENT_DERIVED_FROM_COORDINATES;INSTITUTION_MATCH_FUZZY
2430394904,9781ce05-2379-4a10-ab3b-c91346510df8,553bc4f2-5d4a-4166-bada-d993828c7ad3,Plantae,Tracheophyta,Magnoliopsida,Brassicales,Cleomaceae,Cleomella,Cleomella arborea,NA,SPECIES,Peritoma arborea (Nutt. ex Torr. & A.Gray) Iltis,Peritoma arborea,(Nutt.) Iltis,US,Orocopia Mountains; Orocopia Wilderness area; northeastern section of range; approximately 3.5 air miles south of Hayfields Lake.; Hayfield,California,PRESENT,NA,55807027-6d78-46bd-b2cb-301295ee35aa,33.63787,-115.63718,NA,NA,609,NA,NA,NA,2014-03-20T00:00:00Z,20,3,2014,6370695,7893492,PRESERVED_SPECIMEN,RSA,RSA,RSA0042375,6282,,NA,CC_BY_NC_4_0,,Duncan S. Bell; LeRoy Gross,NA,,2023-09-08T22:01:56Z,,GEODETIC_DATUM_ASSUMED_WGS84;CONTINENT_DERIVED_FROM_COORDINATES;INSTITUTION_MATCH_FUZZY
2430358854,9781ce05-2379-4a10-ab3b-c91346510df8,0f856606-003e-42d2-8c44-93d90e95ede3,Plantae,Tracheophyta,Magnoliopsida,Brassicales,Cleomaceae,Cleomella,Cleomella arborea,NA,SPECIES,Peritoma arborea (Nutt. ex Torr. & A.Gray) Iltis,Peritoma arborea,(Nutt.) Iltis,US,"E of Bighorn Mtn Wilderness. S of Ruby Mtn. From Yucca Valley, travel 11.3 miles N on Ca-247. Turn left (W) on New Dixie Mine Rd. Continue for 1.0 miles onto BLM Rd 2330 to collection site.",California,PRESENT,NA,55807027-6d78-46bd-b2cb-301295ee35aa,34.27473,-116.49398,NA,NA,1263,NA,NA,NA,2013-12-04T00:00:00Z,4,12,2013,6370695,7893492,PRESERVED_SPECIMEN,RSA,RSA,RSA0027627,131,,NA,CC_BY_NC_4_0,,Deidre Conocchioli; Sarah J. De Groot,NA,Native,2023-09-08T22:02:09Z,,CONTINENT_DERIVED_FROM_COORDINATES;INSTITUTION_MATCH_FUZZY
2430327674,9781ce05-2379-4a10-ab3b-c91346510df8,35f009ba-ec28-4c3a-87b5-a59792939048,Plantae,Tracheophyta,Magnoliopsida,Brassicales,Cleomaceae,Cleomella,Cleomella arborea,NA,SPECIES,Peritoma arborea (Nutt. ex Torr. & A.Gray) Iltis,Peritoma arborea,(Nutt.) Iltis,US,"Pioneertown Mountains Preserve; near summit of Black Mesa, approximately 3.25 air miles northeast of Pioneertown.; Yucca Valley North",California,PRESENT,NA,55807027-6d78-46bd-b2cb-301295ee35aa,34.18137,-116.44857,NA,NA,1307,NA,NA,NA,2014-04-27T00:00:00Z,27,4,2014,6370695,7893492,PRESERVED_SPECIMEN,RSA,RSA,RSA0040268,6729,,NA,CC_BY_NC_4_0,,Duncan S. Bell,NA,,2023-09-08T22:01:55Z,,GEODETIC_DATUM_ASSUMED_WGS84;CONTINENT_DERIVED_FROM_COORDINATES;INSTITUTION_MATCH_FUZZY
2430320150,9781ce05-2379-4a10-ab3b-c91346510df8,fa78971f-0912-462a-8163-a0d049c466b2,Plantae,Tracheophyta,Magnoliopsida,Brassicales,Cleomaceae,Cleomella,Cleomella arborea,NA,SPECIES,Peritoma arborea (Nutt. ex Torr. & A.Gray) Iltis,Peritoma arborea,(Nutt.) Iltis,US,"BLMBighorn Mountains: Old Woman Springs area, wash and flood plain of Arrastre Creek.",California,PRESENT,NA,55807027-6d78-46bd-b2cb-301295ee35aa,34.38185,-116.70609,NA,NA,1002,NA,NA,NA,2014-04-24T00:00:00Z,24,4,2014,6370695,7893492,PRESERVED_SPECIMEN,RSA,RSA,RSA0031633,7078,Sarah De Groot,2014-05-05T00:00:00Z,CC_BY_NC_4_0,,Sarah J. De Groot; Perrine Veguer,NA,Native,2023-09-08T22:02:21Z,,CONTINENT_DERIVED_FROM_COORDINATES;INSTITUTION_MATCH_FUZZY
2430306480,9781ce05-2379-4a10-ab3b-c91346510df8,f48b8154-10b4-49be-8e83-5b32c0e20904,Plantae,Tracheophyta,Magnoliopsida,Brassicales,Cleomaceae,Cleomella,Cleomella arborea,NA,SPECIES,Peritoma arborea (Nutt. ex Torr. & A.Gray) Iltis,Peritoma arborea,(Nutt.) Iltis,US,BLMCamp Rock Rd at fenced off area W of power line junction,California,PRESENT,NA,55807027-6d78-46bd-b2cb-301295ee35aa,34.561667,-116.780472,NA,NA,991,NA,NA,NA,2013-06-12T00:00:00Z,12,6,2013,6370695,7893492,PRESERVED_SPECIMEN,RSA,RSA,RSA0014637,83,,NA,CC_BY_NC_4_0,,April Garbat; Kristin Forgrave,NA,Native,2023-09-08T22:02:02Z,,COORDINATE_ROUNDED;CONTINENT_DERIVED_FROM_COORDINATES;INSTITUTION_MATCH_FUZZY
2430303354,9781ce05-2379-4a10-ab3b-c91346510df8,f38456bc-497c-4b56-b0e7-89b121904beb,Plantae,Tracheophyta,Magnoliopsida,Brassicales,Cleomaceae,Cleomella,Cleomella arborea,NA,SPECIES,Peritoma arborea (Nutt. ex Torr. & A.Gray) Iltis,Peritoma arborea,(Nutt.) Iltis,US,Camp Pendleton: southeast portion of Base; Juliet Training Area; northeast of the jctn of Vandegrift Blvd. & Barnett Circle; along a canyon. Square F7.,California,PRESENT,NA,55807027-6d78-46bd-b2cb-301295ee35aa,33.291,-117.2919,NA,NA,65,NA,NA,NA,2015-05-06T00:00:00Z,6,5,2015,6370695,7893492,PRESERVED_SPECIMEN,RSA,RSA,RSA0010432,30183,,NA,CC_BY_NC_4_0,,"Jon P. Rebman; W. Schmidtmann, G. Kenney",NA,,2023-09-08T22:02:01Z,,GEODETIC_DATUM_ASSUMED_WGS84;CONTINENT_DERIVED_FROM_COORDINATES;INSTITUTION_MATCH_FUZZY
2430293351,9781ce05-2379-4a10-ab3b-c91346510df8,f0d56a6a-b75f-41b3-b398-e0224ee67f18,Plantae,Tracheophyta,Magnoliopsida,Brassicales,Cleomaceae,Cleomella,Cleomella arborea,NA,SPECIES,Peritoma arborea (Nutt. ex Torr. & A.Gray) Iltis,Peritoma arborea,(Nutt.) Iltis,US,"I-40W then take exit 120 for Water Rd, south on Water Rd (NS054) to Turtle Mountain Rd (NS434), left on Turtle Mountain Rd for approx. 1 mile.",California,PRESENT,NA,55807027-6d78-46bd-b2cb-301295ee35aa,34.488058,-115.027275,NA,NA,483,NA,NA,NA,2016-06-01T00:00:00Z,1,6,2016,6370695,7893492,PRESERVED_SPECIMEN,RSA,RSA,RSA0114847,CA690-093,,NA,CC_BY_NC_4_0,,R. Rodenius; S. Karosas,NA,,2023-09-08T22:02:21Z,,COORDINATE_ROUNDED;GEODETIC_DATUM_ASSUMED_WGS84;CONTINENT_DERIVED_FROM_COORDINATES;INSTITUTION_MATCH_FUZZY
2430292397,9781ce05-2379-4a10-ab3b-c91346510df8,f026aa58-d016-48f1-8907-9bc2b4946472,Plantae,Tracheophyta,Magnoliopsida,Brassicales,Cleomaceae,Cleomella,Cleomella arborea,NA,SPECIES,Peritoma arborea (Nutt. ex Torr. & A.Gray) Iltis,Peritoma arborea,(Nutt.) Iltis,US,"Bighorn Mountains: along New Dixie Mine road (BLM RC 2330), south of Ruby Mountain, west of Landers, west of Highway 247.",California,PRESENT,NA,55807027-6d78-46bd-b2cb-301295ee35aa,34.27134,-116.48051,NA,NA,1180,NA,NA,NA,2014-04-24T00:00:00Z,24,4,2014,6370695,7893492,PRESERVED_SPECIMEN,RSA,RSA,RSA0031634,7084,Sarah De Groot,2014-05-05T00:00:00Z,CC_BY_NC_4_0,,Sarah J. De Groot; Perrine Veguer,NA,Native,2023-09-08T22:02:15Z,,CONTINENT_DERIVED_FROM_COORDINATES;INSTITUTION_MATCH_FUZZY
2430277246,9781ce05-2379-4a10-ab3b-c91346510df8,eab7c935-eb7e-44d3-9075-5e719bfd0509,Plantae,Tracheophyta,Magnoliopsida,Brassicales,Cleomaceae,Cleomella,Cleomella arborea,NA,SPECIES,Peritoma arborea (Nutt. ex Torr. & A.Gray) Iltis,Peritoma arborea,(Nutt.) Iltis,US,"BLMTransverse Ranges: Bureau of Land Management, White Water Canyon, west side of Canyon Rd. Drive, near Painted Hill.",California,PRESENT,NA,55807027-6d78-46bd-b2cb-301295ee35aa,33.9599,-116.6446,NA,NA,554,NA,NA,NA,2011-03-27T00:00:00Z,27,3,2011,6370695,7893492,PRESERVED_SPECIMEN,RSA,RSA,,22,,NA,CC_BY_NC_4_0,,"Sandra M. Namoff; Diana D. Jolles, Thomas Stoughton, Linda Lee Worlow",NA,Native,2023-09-08T22:02:20Z,,GEODETIC_DATUM_ASSUMED_WGS84;CONTINENT_DERIVED_FROM_COORDINATES;INSTITUTION_MATCH_FUZZY
2430227262,9781ce05-2379-4a10-ab3b-c91346510df8,10cf5ffa-1796-4c33-ae45-c04dc5bf43c1,Plantae,Tracheophyta,Magnoliopsida,Brassicales,Cleomaceae,Cleomella,Cleomella arborea,NA,SPECIES,Peritoma arborea (Nutt. ex Torr. & A.Gray) Iltis,Peritoma arborea,(Nutt.) Iltis,US,Orocopia Mountains; Orocopia Mountains Wilderness area; southern section of range; approximately 1 air mile northwest of Canyon Spring.,California,PRESENT,NA,55807027-6d78-46bd-b2cb-301295ee35aa,33.5598,-115.66083,NA,NA,422,NA,NA,NA,2014-04-02T00:00:00Z,2,4,2014,6370695,7893492,PRESERVED_SPECIMEN,RSA,RSA,RSA0042163,6523,,NA,CC_BY_NC_4_0,,Duncan S. Bell; Evan Meyer,NA,,2023-09-08T22:01:52Z,,GEODETIC_DATUM_ASSUMED_WGS84;CONTINENT_DERIVED_FROM_COORDINATES;INSTITUTION_MATCH_FUZZY
2430072115,9781ce05-2379-4a10-ab3b-c91346510df8,9cde2928-169a-4e81-af6b-2b6b6f4d1853,Plantae,Tracheophyta,Magnoliopsida,Brassicales,Cleomaceae,Cleomella,Cleomella arborea,NA,SPECIES,Peritoma arborea (Nutt. ex Torr. & A.Gray) Iltis,Peritoma arborea,(Nutt.) Iltis,US,Bighorn Mountains; Bighorn Mountains Wilderness area; collecting in the lower section of Ruby Canyon.; Bighorn Canyon Quad.,California,PRESENT,NA,55807027-6d78-46bd-b2cb-301295ee35aa,34.32198,-116.58622,NA,NA,1101,NA,NA,NA,2014-03-29T00:00:00Z,29,3,2014,6370695,7893492,PRESERVED_SPECIMEN,RSA,RSA,RSA0058106,6480,,NA,CC_BY_NC_4_0,,Duncan S. Bell,NA,,2023-09-08T22:01:59Z,,GEODETIC_DATUM_ASSUMED_WGS84;CONTINENT_DERIVED_FROM_COORDINATES;INSTITUTION_MATCH_FUZZY
2430064484,9781ce05-2379-4a10-ab3b-c91346510df8,9a1a8ae6-a6a2-494c-8bcc-42c90be6dfda,Plantae,Tracheophyta,Magnoliopsida,Brassicales,Cleomaceae,Cleomella,Cleomella arborea,NA,SPECIES,Peritoma arborea (Nutt. ex Torr. & A.Gray) Iltis,Peritoma arborea,(Nutt.) Iltis,US,"Lichty Mesa, Borderfield State Park.; Imperial Beach 7.5'",California,PRESENT,NA,55807027-6d78-46bd-b2cb-301295ee35aa,32.535722,-117.119167,NA,NA,20,NA,NA,NA,2013-03-13T00:00:00Z,13,3,2013,6370695,7893492,PRESERVED_SPECIMEN,RSA,RSA,,5917,,NA,CC_BY_NC_4_0,,"LeRoy Gross; Evan Meyer, Bart O'Brien",NA,Native,2023-09-08T22:02:12Z,,COORDINATE_ROUNDED;GEODETIC_DATUM_ASSUMED_WGS84;CONTINENT_DERIVED_FROM_COORDINATES;INSTITUTION_MATCH_FUZZY
2422500203,e523cf2d-4fc2-48d8-aa75-80ecbc90b3f5,UCR-BPS-260261,Plantae,Tracheophyta,Magnoliopsida,Brassicales,Cleomaceae,Cleomella,Cleomella arborea,NA,SPECIES,Peritoma arborea (Nutt. ex Torr. & A.Gray) Iltis,Peritoma arborea,(Nutt.) Iltis,US,"Chocolate Mountains, wide canyon along the Gasline Road c. 1/4 mile north of the Imperial Co. line, US Navy Chocolate Mountains Aerial Gunnery Range",California,PRESENT,NA,53e59855-7653-4d3e-87cc-162021713823,33.43032,-115.4707,NA,NA,459,NA,NA,NA,2015-03-11T00:00:00Z,11,3,2015,6370695,7893492,PRESERVED_SPECIMEN,UCR,,,41401,Nomenclature Revision,2015-01-01T00:00:00Z,CC_BY_NC_4_0,,A.C. Sanders; Jim Malusa,NA,,2023-09-09T00:09:58Z,,GEODETIC_DATUM_ASSUMED_WGS84;CONTINENT_DERIVED_FROM_COORDINATES;AMBIGUOUS_INSTITUTION
2422485701,e523cf2d-4fc2-48d8-aa75-80ecbc90b3f5,UCR-BPS-239222,Plantae,Tracheophyta,Magnoliopsida,Brassicales,Cleomaceae,Cleomella,Cleomella arborea,NA,SPECIES,Peritoma arborea (Nutt. ex Torr. & A.Gray) Iltis,Peritoma arborea,(Nutt.) Iltis,US,"Pacific Crest Trail, west of White Water Canyon, north of the junction of Hwy I-10 and Rte 111; Transverse Ranges; San Bernardino Mountains region",California,PRESENT,NA,53e59855-7653-4d3e-87cc-162021713823,33.94908,-116.67342,NA,NA,732,NA,NA,NA,2010-11-12T00:00:00Z,12,11,2010,6370695,7893492,PRESERVED_SPECIMEN,UCR,,,716,Nomenclature Revision,2015-01-01T00:00:00Z,CC_BY_NC_4_0,,"Thomas R. Stoughton; E. Gardner, D. Bell",NA,,2023-09-09T00:09:58Z,,GEODETIC_DATUM_ASSUMED_WGS84;CONTINENT_DERIVED_FROM_COORDINATES;AMBIGUOUS_INSTITUTION
2422474812,e523cf2d-4fc2-48d8-aa75-80ecbc90b3f5,UCR-BPS-227004,Plantae,Tracheophyta,Magnoliopsida,Brassicales,Cleomaceae,Cleomella,Cleomella arborea,NA,SPECIES,Peritoma arborea (Nutt. ex Torr. & A.Gray) Iltis,Peritoma arborea,(Nutt.) Iltis,US,"mouth of Big Morongo Wash, 1 mile east of Hwy 62, just north of North Indian Canyon Road, west of Desert Hot Springs, 7.5 miles north of Hwy I-10",California,PRESENT,NA,53e59855-7653-4d3e-87cc-162021713823,34.00158,-116.55943,NA,NA,487,NA,NA,NA,2011-02-02T00:00:00Z,2,2,2011,6370695,7893492,PRESERVED_SPECIMEN,UCR,,,16235,Nomenclature Revision,2015-01-01T00:00:00Z,CC_BY_NC_4_0,,Jim André,NA,,2023-09-09T00:09:57Z,,GEODETIC_DATUM_ASSUMED_WGS84;CONTINENT_DERIVED_FROM_COORDINATES;AMBIGUOUS_INSTITUTION
2422472483,e523cf2d-4fc2-48d8-aa75-80ecbc90b3f5,UCR-BPS-226785,Plantae,Tracheophyta,Magnoliopsida,Brassicales,Cleomaceae,Cleomella,Cleomella arborea,NA,SPECIES,Peritoma arborea (Nutt. ex Torr. & A.Gray) Iltis,Peritoma arborea,(Nutt.) Iltis,US,"Mecca Hills, along Box Canyon Road at upper end of gorge, c. 6 miles south southeast of the junction with Hwy I-10, c. 12 miles west of Chiriaco Summit",California,PRESENT,NA,53e59855-7653-4d3e-87cc-162021713823,33.62107,-115.91232,NA,NA,284,NA,NA,NA,2011-02-09T00:00:00Z,9,2,2011,6370695,7893492,PRESERVED_SPECIMEN,UCR,,,15903,Nomenclature Revision,2015-01-01T00:00:00Z,CC_BY_NC_4_0,,Jim André,NA,,2023-09-09T00:09:53Z,,GEODETIC_DATUM_ASSUMED_WGS84;CONTINENT_DERIVED_FROM_COORDINATES;AMBIGUOUS_INSTITUTION
2422464258,e523cf2d-4fc2-48d8-aa75-80ecbc90b3f5,UCR-BPS-216201,Plantae,Tracheophyta,Magnoliopsida,Brassicales,Cleomaceae,Cleomella,Cleomella arborea,NA,SPECIES,Peritoma arborea (Nutt. ex Torr. & A.Gray) Iltis,Peritoma arborea,(Nutt.) Iltis,US,"Joshua Tree National Park, SE Little San Bernardino Mountains, along Berdoo Canyon Rd (dirt), c. 0.8 mi. north of JTNP boundary, c. 3 miles north of Dillon Road",California,PRESENT,NA,53e59855-7653-4d3e-87cc-162021713823,33.83577,-116.12915,NA,NA,632,NA,NA,NA,2009-02-28T00:00:00Z,28,2,2009,6370695,7893492,PRESERVED_SPECIMEN,UCR,,,350,Nomenclature Revision,2015-01-01T00:00:00Z,CC_BY_NC_4_0,,Tasha La Doux; Jim André,NA,,2023-09-09T00:09:58Z,,GEODETIC_DATUM_ASSUMED_WGS84;CONTINENT_DERIVED_FROM_COORDINATES;AMBIGUOUS_INSTITUTION
2422464226,e523cf2d-4fc2-48d8-aa75-80ecbc90b3f5,UCR-BPS-215618,Plantae,Tracheophyta,Magnoliopsida,Brassicales,Cleomaceae,Cleomella,Cleomella arborea,NA,SPECIES,Peritoma arborea (Nutt. ex Torr. & A.Gray) Iltis,Peritoma arborea,(Nutt.) Iltis,US,"Box Springs Mountains, eastern edge of Riverside; Two Trees Canyon Trail near the trailhead",California,PRESENT,NA,53e59855-7653-4d3e-87cc-162021713823,33.98556,-117.305,NA,NA,409,NA,NA,NA,2010-04-24T00:00:00Z,24,4,2010,6370695,7893492,PRESERVED_SPECIMEN,UCR,,,014,Nomenclature Revision,2015-01-01T00:00:00Z,CC_BY_NC_4_0,,Alejandra Martinez-Berdeja; Cara M. Stripe,NA,,2023-09-09T00:09:58Z,,GEODETIC_DATUM_ASSUMED_WGS84;CONTINENT_DERIVED_FROM_COORDINATES;AMBIGUOUS_INSTITUTION
2422404771,e523cf2d-4fc2-48d8-aa75-80ecbc90b3f5,UCR-BPS-148333,Plantae,Tracheophyta,Magnoliopsida,Brassicales,Cleomaceae,Cleomella,Cleomella arborea,NA,SPECIES,Peritoma arborea (Nutt. ex Torr. & A.Gray) Iltis,Peritoma arborea,(Nutt.) Iltis,US,"Salton Basin, Coachella Canal right-of-way, between siphons 22 and 23, south of Salt Creek",California,PRESENT,NA,53e59855-7653-4d3e-87cc-162021713823,33.4575,-115.7275,NA,NA,23,NA,NA,NA,2005-01-14T00:00:00Z,14,1,2005,6370695,7893492,PRESERVED_SPECIMEN,UCR,,,s.n.,Nomenclature Revision,2015-01-01T00:00:00Z,CC_BY_NC_4_0,,John F. Green,NA,,2023-09-09T00:09:52Z,,GEODETIC_DATUM_ASSUMED_WGS84;CONTINENT_DERIVED_FROM_COORDINATES;AMBIGUOUS_INSTITUTION
2421743298,c267909d-184f-4138-9e67-a074d478d52b,42604b87-e487-49f1-bc86-2775f818add8,Plantae,Tracheophyta,Magnoliopsida,Brassicales,Cleomaceae,Cleomella,Cleomella arborea,NA,SPECIES,Peritoma arborea (Nutt. ex Torr. & A.Gray) Iltis,Peritoma arborea,(Nutt.) Iltis,US,"San Diego County: South Coast: Carlsbad, Aqua Hedionda Ecological Reserve, near Laguna Riviera Park, off Park St. near roadside and along hiking trail SE of the park.",California,PRESENT,NA,f0b6a090-a4c6-11d8-9534-b8a03c50a862,33.145833,-117.310278,NA,NA,4,2,NA,NA,2004-05-07T00:00:00Z,7,5,2004,6370695,7893492,PRESERVED_SPECIMEN,DAV,,DAV385191,27787,"Acc. Jepson Manual II (online), 2011",NA,CC_BY_NC_4_0,,A. C. Sanders,NA,,2023-09-08T21:37:03Z,StillImage,GEODETIC_DATUM_ASSUMED_WGS84;CONTINENT_DERIVED_FROM_COORDINATES;INSTITUTION_MATCH_FUZZY
2421712450,c267909d-184f-4138-9e67-a074d478d52b,6acf5bd5-9f45-49a3-8643-c41f358ddb78,Plantae,Tracheophyta,Magnoliopsida,Brassicales,Cleomaceae,Cleomella,Cleomella arborea,NA,SPECIES,Peritoma arborea (Nutt. ex Torr. & A.Gray) Iltis,Peritoma arborea,(Nutt.) Iltis,US,Kern County: About 0.2 mile south of Highway 58.,California,PRESENT,NA,f0b6a090-a4c6-11d8-9534-b8a03c50a862,35.112823,-118.191977,NA,NA,979,NA,NA,NA,2010-05-03T00:00:00Z,3,5,2010,6370695,7893492,PRESERVED_SPECIMEN,DAV,,DAV385178,166,"Acc. Jepson Manual II (online), 2011",NA,CC_BY_NC_4_0,,Chuck Hughes,NA,,2023-09-08T21:36:55Z,StillImage,COORDINATE_ROUNDED;CONTINENT_DERIVED_FROM_COORDINATES;INSTITUTION_MATCH_FUZZY
2421695737,c267909d-184f-4138-9e67-a074d478d52b,3fa7fb61-1cbe-4386-8b78-a004ba71e9b5,Plantae,Tracheophyta,Magnoliopsida,Brassicales,Cleomaceae,Cleomella,Cleomella arborea,NA,SPECIES,Peritoma arborea (Nutt. ex Torr. & A.Gray) Iltis,Peritoma arborea,(Nutt.) Iltis,US,"San Bernardino County: Granite Mountain Research Station, north of Hwy. 40 along Kelbaker Road. Just south of Mojave National Reserve, just north of Hwy. 40.",California,PRESENT,NA,f0b6a090-a4c6-11d8-9534-b8a03c50a862,34.733333,-115.668889,NA,NA,978,NA,NA,NA,2005-03-27T00:00:00Z,27,3,2005,6370695,7893492,PRESERVED_SPECIMEN,DAV,,DAV385179,2406,"Acc. Jepson Manual II (online), 2011",NA,CC_BY_NC_4_0,,Ellen Dean; Tim Metcalf,NA,,2023-09-08T21:37:01Z,StillImage,CONTINENT_DERIVED_FROM_COORDINATES;INSTITUTION_MATCH_FUZZY
2421695652,c267909d-184f-4138-9e67-a074d478d52b,70d34df1-1a94-43a6-942f-fe159da1e7ef,Plantae,Tracheophyta,Magnoliopsida,Brassicales,Cleomaceae,Cleomella,Cleomella arborea,NA,SPECIES,Peritoma arborea (Nutt. ex Torr. & A.Gray) Iltis,Peritoma arborea,(Nutt.) Iltis,US,"Tulare County: Lake Success Reservoir. NW side of Lake Success, lowermost slopes of Rocky Hill.",California,PRESENT,NA,f0b6a090-a4c6-11d8-9534-b8a03c50a862,36.098577,-118.946131,NA,NA,203,NA,NA,NA,2006-04-20T00:00:00Z,20,4,2006,6370695,7893492,PRESERVED_SPECIMEN,DAV,,DAV385180,2979,"Acc. Jepson Manual II (online), 2011",NA,CC_BY_NC_4_0,,Ellen Dean; Tammie Beyerl,NA,,2023-09-08T21:37:01Z,StillImage,COORDINATE_ROUNDED;CONTINENT_DERIVED_FROM_COORDINATES;INSTITUTION_MATCH_FUZZY
2413156984,b2d55172-8980-4195-9632-a186edb27d5a,c60a9f50-87b9-4563-9ce0-d159972458ff,Plantae,Tracheophyta,Magnoliopsida,Brassicales,Cleomaceae,Cleomella,Cleomella arborea,NA,SPECIES,Peritoma arborea (Nutt. ex Torr. & A.Gray) Iltis,Peritoma arborea,(Nutt.) Iltis,US,Bolsa Chica Wetlands,California,PRESENT,NA,a26fb77a-67a4-4a15-b2c3-0c7b87ddb8e6,33.7345,-118.0423,NA,NA,10,NA,NA,NA,2018-03-27T00:00:00Z,27,3,2018,6370695,7893492,PRESERVED_SPECIMEN,LOB,,LOB107461,2,,NA,CC_BY_NC_4_0,,"Charlene Tran; Ashley San Filippo, Taylor Churchill",NA,,2023-09-07T10:02:04Z,StillImage,GEODETIC_DATUM_ASSUMED_WGS84;CONTINENT_DERIVED_FROM_COORDINATES;INSTITUTION_MATCH_FUZZY
2413150890,b2d55172-8980-4195-9632-a186edb27d5a,de794528-a5d4-43ce-ab3e-7c910a22dada,Plantae,Tracheophyta,Magnoliopsida,Brassicales,Cleomaceae,Cleomella,Cleomella arborea,NA,SPECIES,Peritoma arborea (Nutt. ex Torr. & A.Gray) Iltis,Peritoma arborea,(Nutt.) Iltis,US,"Newport Back Bay, Mountains to the Sea Trail and Bikeway near science center.",California,PRESENT,NA,a26fb77a-67a4-4a15-b2c3-0c7b87ddb8e6,33.6227,-117.888,NA,NA,3,NA,NA,NA,2018-03-03T00:00:00Z,3,3,2018,6370695,7893492,PRESERVED_SPECIMEN,LOB,,LOB100063,34,,NA,CC_BY_NC_4_0,,Robert Comito; Luis Fonseca,NA,,2023-09-07T10:02:04Z,StillImage,CONTINENT_DERIVED_FROM_COORDINATES;INSTITUTION_MATCH_FUZZY
2412541115,b2d55172-8980-4195-9632-a186edb27d5a,e960ecb0-b029-4169-91b8-9ba726ad4457,Plantae,Tracheophyta,Magnoliopsida,Brassicales,Cleomaceae,Cleomella,Cleomella arborea,NA,SPECIES,Peritoma arborea (Nutt. ex Torr. & A.Gray) Iltis,Peritoma arborea,(Nutt.) Iltis,US,"Los Cerritos Wetlands, Long Beach",California,PRESENT,NA,a26fb77a-67a4-4a15-b2c3-0c7b87ddb8e6,33.7546,-118.099864,NA,NA,3,NA,NA,NA,2017-03-14T00:00:00Z,14,3,2017,6370695,7893492,PRESERVED_SPECIMEN,LOB,,LOB118481,29,,NA,CC_BY_NC_4_0,,Marcelo Ceballos; Alex White,NA,,2023-09-07T10:02:04Z,StillImage,GEODETIC_DATUM_ASSUMED_WGS84;CONTINENT_DERIVED_FROM_COORDINATES;INSTITUTION_MATCH_FUZZY
2412540003,b2d55172-8980-4195-9632-a186edb27d5a,e3339a3c-20d8-4726-8ea1-7457a29943d7,Plantae,Tracheophyta,Magnoliopsida,Brassicales,Cleomaceae,Cleomella,Cleomella arborea,NA,SPECIES,Peritoma arborea (Nutt. ex Torr. & A.Gray) Iltis,Peritoma arborea,(Nutt.) Iltis,US,"San Gorgonio Pass, Sand dunes north of Snow Creek Village. E side of Snow Creek Road",California,PRESENT,NA,a26fb77a-67a4-4a15-b2c3-0c7b87ddb8e6,33.907669,-116.673416,NA,NA,363,NA,NA,NA,2017-03-09T00:00:00Z,9,3,2017,6370695,7893492,PRESERVED_SPECIMEN,LOB,,LOB118470,402a,,NA,CC_BY_NC_4_0,,A.E. Fisher; Carolina Contreras ; Keana Tang; Lorena Villanueva Almanza,NA,,2023-09-07T10:02:04Z,StillImage,CONTINENT_DERIVED_FROM_COORDINATES;INSTITUTION_MATCH_FUZZY
2412539997,b2d55172-8980-4195-9632-a186edb27d5a,7a6fd64c-fe73-4437-849d-b158dcfedeff,Plantae,Tracheophyta,Magnoliopsida,Brassicales,Cleomaceae,Cleomella,Cleomella arborea,NA,SPECIES,Peritoma arborea (Nutt. ex Torr. & A.Gray) Iltis,Peritoma arborea,(Nutt.) Iltis,US,"off Ortega Highway (Hwy 74), Lake Elsinore overlook.",California,PRESENT,NA,a26fb77a-67a4-4a15-b2c3-0c7b87ddb8e6,33.633333,-117.383333,NA,NA,866,NA,NA,NA,2012-04-07T00:00:00Z,7,4,2012,6370695,7893492,PRESERVED_SPECIMEN,LOB,,,7,,NA,CC_BY_NC_4_0,,Quang Le,NA,,2023-09-07T10:02:04Z,,COORDINATE_ROUNDED;GEODETIC_DATUM_ASSUMED_WGS84;CONTINENT_DERIVED_FROM_COORDINATES;INSTITUTION_MATCH_FUZZY
2412539950,b2d55172-8980-4195-9632-a186edb27d5a,9f5c2615-9aef-4f19-be61-8b1d4aa2b657,Plantae,Tracheophyta,Magnoliopsida,Brassicales,Cleomaceae,Cleomella,Cleomella arborea,NA,SPECIES,Peritoma arborea (Nutt. ex Torr. & A.Gray) Iltis,Peritoma arborea,(Nutt.) Iltis,US,Lake Elsinore overlook,California,PRESENT,NA,a26fb77a-67a4-4a15-b2c3-0c7b87ddb8e6,33.38,-117.23,NA,NA,866,NA,NA,NA,2012-04-07T00:00:00Z,7,4,2012,6370695,7893492,PRESERVED_SPECIMEN,LOB,,,7,,NA,CC_BY_NC_4_0,,Sergio Duenas,NA,,2023-09-07T10:02:04Z,,GEODETIC_DATUM_ASSUMED_WGS84;CONTINENT_DERIVED_FROM_COORDINATES;INSTITUTION_MATCH_FUZZY
2412539884,b2d55172-8980-4195-9632-a186edb27d5a,ce3bbbcf-3753-436b-b68c-24b311e06db6,Plantae,Tracheophyta,Magnoliopsida,Brassicales,Cleomaceae,Cleomella,Cleomella arborea,NA,SPECIES,Peritoma arborea (Nutt. ex Torr. & A.Gray) Iltis,Peritoma arborea,(Nutt.) Iltis,US,San Juan Loop.,California,PRESENT,NA,a26fb77a-67a4-4a15-b2c3-0c7b87ddb8e6,33.616667,-117.433333,NA,NA,632,NA,NA,NA,2012-04-07T00:00:00Z,7,4,2012,6370695,7893492,PRESERVED_SPECIMEN,LOB,,,10,,NA,CC_BY_NC_4_0,,Hector Gomez Valdez,NA,,2023-09-07T10:02:04Z,,COORDINATE_ROUNDED;GEODETIC_DATUM_ASSUMED_WGS84;CONTINENT_DERIVED_FROM_COORDINATES;INSTITUTION_MATCH_FUZZY
2412539774,b2d55172-8980-4195-9632-a186edb27d5a,ce8e819a-3abe-4cc0-bc08-ea413e2205cd,Plantae,Tracheophyta,Magnoliopsida,Brassicales,Cleomaceae,Cleomella,Cleomella arborea,NA,SPECIES,Peritoma arborea (Nutt. ex Torr. & A.Gray) Iltis,Peritoma arborea,(Nutt.) Iltis,US,"Appian Way, Long Beach. Off sidewalk path in Colorado Lagoon.",California,PRESENT,NA,a26fb77a-67a4-4a15-b2c3-0c7b87ddb8e6,33.770732,-118.135318,NA,NA,NA,NA,NA,NA,2016-04-22T00:00:00Z,22,4,2016,6370695,7893492,PRESERVED_SPECIMEN,LOB,,LOB118482,39,,NA,CC_BY_NC_4_0,,Renee A. Stewart,NA,,2023-09-07T10:02:04Z,StillImage,GEODETIC_DATUM_ASSUMED_WGS84;CONTINENT_DERIVED_FROM_COORDINATES;INSTITUTION_MATCH_FUZZY
2270251372,62cccd4d-eafc-4287-a070-5701aa6ef4a2,fe72e86c-1a5d-11e3-b49f-525400a0a001,Plantae,Tracheophyta,Magnoliopsida,Brassicales,Cleomaceae,Cleomella,Cleomella arborea,NA,SPECIES,Peritoma arborea (Nutt. ex Torr. & A.Gray) Iltis,Peritoma arborea,(Nutt.) Iltis,US,"Western Transverse Ranges, Santa Monica Mountains; Point Mugu Quad.; Guadalasca; San Bernardino Base Meridian; Mugu Peak, E-side of summit along trail to La Jolla Valley",California,PRESENT,NA,cae7b6c7-669a-4261-9a34-6e8cdc16a125,34.0918,-119.05226,NA,NA,NA,NA,NA,NA,2000-04-14T00:00:00Z,14,4,2000,6370695,7893492,PRESERVED_SPECIMEN,UCSB,,UCSB034374,47-00,,NA,CC0_1_0,,David L. Magney,NA,,2023-09-08T21:37:05Z,StillImage,CONTINENT_DERIVED_FROM_COORDINATES;AMBIGUOUS_INSTITUTION
2270194619,f56df26e-73f5-4d37-bfed-3d46c0834e82,2dc97b04-d70e-473e-8eed-8ee471dc8367,Plantae,Tracheophyta,Magnoliopsida,Brassicales,Cleomaceae,Cleomella,Cleomella arborea,NA,SPECIES,Peritoma arborea (Nutt. ex Torr. & A.Gray) Iltis,Peritoma arborea,(Nutt.) Iltis,US,SE Half of Caliente range; 0.5 km E of Padrones Spring,California,PRESENT,NA,d16f32bb-204f-4c07-95eb-6673e90225e9,35.002778,-119.5825,NA,NA,NA,NA,NA,NA,2005-04-30T00:00:00Z,30,4,2005,6370695,7893492,PRESERVED_SPECIMEN,OBI,,OBI125548,364,,NA,CC_BY_NC_4_0,,Greg Wilvert,NA,,2023-09-07T11:46:49Z,StillImage,GEODETIC_DATUM_ASSUMED_WGS84;CONTINENT_DERIVED_FROM_COORDINATES;INSTITUTION_MATCH_FUZZY
2270193988,f56df26e-73f5-4d37-bfed-3d46c0834e82,2ae62b77-59f3-40c4-a490-1d9fb3fbe6b8,Plantae,Tracheophyta,Magnoliopsida,Brassicales,Cleomaceae,Cleomella,Cleomella arborea,NA,SPECIES,Peritoma arborea (Nutt. ex Torr. & A.Gray) Iltis,Peritoma arborea,(Nutt.) Iltis,US,"CAmp Roberts, Nacimiento River floodplain, next to river bank, near Low Water Bridge",California,PRESENT,NA,d16f32bb-204f-4c07-95eb-6673e90225e9,35.783611,-120.790556,NA,NA,180,NA,NA,NA,2002-07-02T00:00:00Z,2,7,2002,6370695,7893492,PRESERVED_SPECIMEN,OBI,,OBI125569,CR324,,NA,CC_BY_NC_4_0,,M. Wetherwax & E.L. Painter,NA,,2023-09-07T11:46:49Z,StillImage,COORDINATE_ROUNDED;GEODETIC_DATUM_ASSUMED_WGS84;CONTINENT_DERIVED_FROM_COORDINATES;INSTITUTION_MATCH_FUZZY
1426099817,f934f8e2-32ca-46a7-b2f8-b032a4740454,urn:catalog:CAS:BOT-BC:73813,Plantae,Tracheophyta,Magnoliopsida,Brassicales,Cleomaceae,Cleomella,Cleomella arborea,NA,SPECIES,Peritoma arborea (Nutt. ex Torr. & A.Gray) Iltis,Peritoma arborea (Nutt.) H.H. Iltis,(Nutt.) H.H. Iltis,US,"Camp Roberts - Nacimiento River floodplain, neaxt to river bank, near Low Water Bridge. UTMs (NAD 27)",California,PRESENT,NA,66522820-055c-11d8-b84e-b8a03c50a862,35.783611,-120.790556,NA,NA,180,NA,NA,NA,2002-07-02T00:00:00Z,2,7,2002,6370695,7893492,PRESERVED_SPECIMEN,CAS,BOT-BC,73813,CR-324,,NA,CC0_1_0,,"Wetherwax, M.; Painter, E. L.",NA,,2023-09-19T12:40:49Z,,COORDINATE_ROUNDED;GEODETIC_DATUM_ASSUMED_WGS84
